name,year,description,min_players,max_players,min_play_time,max_play_time,min_age,complexity,alternate_names,designers,artists,publishers,ratings,avg_rating,std_rating,ratings_1,ratings_2,ratings_3,ratings_4,ratings_5,ratings_6,ratings_7,ratings_8,ratings_9,ratings_10,comments,fans,page_views,plays,plays_month,owners,prev_owned,for_trade,want_in_trade,wishlist
CATAN,1995,Collect and trade resources to build up the island of Catan in this modern classic.,3,4,60.0,120.0,10,2.29,"['Catan', 'The Settlers of Catan']",['Klaus Teuber'],"['Volkan Baga', 'Tanja Donner', 'Pete Fenlon', 'Jason Hawkins']",['KOSMOS'],131155.0,7.096,1.5,293,677,1746,3951,8601,26381,36383,34006,11667,7662,22457.0,7373.0,4896994.0,386201.0,1096.0,215312.0,14663.0,2252.0,514.0,7248.0
Carcassonne,2000,"Shape the medieval landscape of France, claiming cities, monasteries and farms.",2,5,30.0,45.0,7,1.89,['Carcassonne Jubilee Edition'],['Klaus-Jürgen Wrede'],"['Marcel Gröber', 'Doris Matthäus', 'Anne Pätzke', 'Chris Quilliams', 'Franz-Georg Stämmele']",['Hans im Glück'],130119.0,7.41,1.31,145,292,693,1870,5037,19729,37689,42860,13950,8028,22016.0,7871.0,4985713.0,661921.0,1975.0,201471.0,11925.0,1993.0,658.0,9581.0
Pandemic,2008,Your team of experts must prevent the world from succumbing to a viral pandemic.,2,4,45.0,45.0,8,2.4,"['EPIZOotic', 'Pandemic: 10th Anniversary Edition']",['Matt Leacock'],"['Josh Cappel', 'Christian Hanisch', 'Régis Moulun', 'Chris Quilliams', 'Tom Thiel']",['Z-Man Games'],128082.0,7.531,1.34,203,344,854,1693,4534,16482,32318,46243,17303,8362,19795.0,8051.0,4881851.0,427887.0,594.0,209259.0,15111.0,3202.0,614.0,10848.0
7 Wonders,2010,Draft cards to develop your ancient civilization and build its Wonder of the World.,2,7,30.0,30.0,10,2.32,['7 csoda'],['Antoine Bauza'],"['Dimitri Chappuis', 'Miguel Coimbra', 'Etienne Hebinger', 'Cyril Nouvel']",['Repos Production'],106778.0,7.677,1.28,136,178,487,1160,2831,11075,26028,41004,15934,8044,16633.0,7190.0,5091400.0,611521.0,1137.0,145701.0,11829.0,1902.0,982.0,14151.0
Terraforming Mars,2016,Compete with rival CEOs to make Mars habitable and build your corporate empire.,1,5,120.0,120.0,12,3.27,['A Mars terraformálása'],['Jacob Fryxelius'],"['Isaac Fryxelius', 'Daniel Fryxelius']",['FryxGames'],102723.0,8.353,1.42,310,238,578,986,1776,5657,11527,30299,28049,23459,14561.0,10951.0,9200428.0,675632.0,3308.0,143269.0,7415.0,779.0,1917.0,24480.0
7 Wonders Duel,2015,Science? Military? What will you draft to win this head-to-head version of 7 Wonders?,2,2,30.0,30.0,10,2.22,['7 Csoda Párbaj'],"['Antoine Bauza,', 'Bruno Cathala']",['Miguel Coimbra'],['Repos Production'],98410.0,8.093,1.2,104,118,283,527,1378,5769,15556,40886,22609,11267,12963.0,5866.0,3541752.0,549831.0,2375.0,164585.0,7943.0,1142.0,892.0,11331.0
Wingspan,2019,Attract a beautiful and diverse collection of birds to your wildlife preserve.,1,5,40.0,70.0,10,2.47,['Fesztáv'],['Elizabeth Hargrave'],"['Ana Maria Martinez Jaramillo', 'Natalia Rojas']",['Stonemaier Games'],98163.0,8.033,1.37,233,195,503,942,2151,7294,15521,36502,21300,13689,13147.0,9249.0,4996825.0,691622.0,3114.0,153875.0,6435.0,770.0,1308.0,19645.0
Codenames,2015,Give your team clever one-word clues to help them spot their agents in the field.,2,8,15.0,15.0,14,1.26,['Codenames XXL'],['Vlaada Chvátil'],"['Stéphane Gantiez', 'Tomáš Kučerovský', 'Filip Murmak']",['Czech Games Edition'],94966.0,7.536,1.3,145,200,481,1211,3079,12352,24742,34333,12500,6081,12440.0,2931.0,2906329.0,601807.0,1382.0,160673.0,7244.0,1336.0,349.0,7178.0
Azul,2017,Artfully embellish the walls of your palace by drafting the most beautiful tiles.,2,4,30.0,45.0,8,1.77,['Azul Mini'],['Michael Kiesling'],"['Philippe Guérin', 'Chris Quilliams']","['Next Move Games,', 'Plan B Games']",94842.0,7.738,1.16,81,85,269,602,1897,8546,22789,40634,13979,6108,11883.0,5195.0,3578580.0,732084.0,3489.0,155215.0,6519.0,864.0,974.0,14545.0
Dominion,2008,Acquire the most valuable lands by building your deck with treasure and power cards.,2,4,30.0,30.0,13,2.35,['Dominion: Basisspiel'],['Donald X. Vaccarino'],"['Matthias Catrein', 'Julien Delval', 'Tomasz Jedruszek', 'Ryan Laukat']",['Rio Grande Games'],92475.0,7.598,1.42,182,283,646,1481,3499,11386,21494,31714,13916,8020,15152.0,7262.0,5105929.0,837775.0,1322.0,123411.0,12554.0,2098.0,657.0,10043.0
Ticket to Ride,2004,Build your railroad across North America to connect cities and complete tickets.,2,5,30.0,60.0,8,1.82,['¡Aventureros al Tren!'],['Alan R. Moon'],"['Cyrille Daujean', 'Julien Delval']",['Days of Wonder'],92022.0,7.391,1.3,131,205,527,1348,3604,13633,26859,31075,9705,5033,14976.0,4491.0,3340272.0,392630.0,1513.0,135084.0,7690.0,1100.0,695.0,7992.0
Scythe,2016,"Five factions vie for dominance in a war-torn, mech-filled, dieselpunk 1920s Europe.",1,5,90.0,115.0,14,3.45,['Sçythe'],['Jamey Stegmaier'],['Jakub Rozalski'],['Stonemaier Games'],86080.0,8.131,1.45,223,219,537,999,2114,6350,11737,27747,21030,15228,12683.0,9687.0,8283854.0,310529.0,1006.0,117697.0,7141.0,932.0,1812.0,24438.0
Splendor,2014,"Renaissance merchants race to grab gems, acquire property, and please nobility.",2,4,30.0,30.0,10,1.78,['Розкіш'],['Marc André'],['Pascal Quidault'],['Space Cowboys'],82853.0,7.419,1.29,110,189,497,1189,3179,11550,23349,29409,9231,4245,11779.0,3852.0,3063121.0,601415.0,1866.0,123790.0,8107.0,1078.0,795.0,10217.0
Ticket to Ride: Europe,2005,Build train routes across Europe in this sequel to the hit family board game.,2,5,30.0,60.0,8,1.92,['¡Aventureros al Tren! Europa'],['Alan R. Moon'],"['Cyrille Daujean', 'Julien Delval']",['Days of Wonder'],78702.0,7.528,1.19,86,109,263,735,2169,9551,22370,30480,8992,4031,10933.0,3121.0,2065404.0,254058.0,914.0,123041.0,7392.0,871.0,699.0,6857.0
Agricola,2007,Build your farmstead by sowing fields and raising livestock. But don't forget to eat!,1,5,30.0,150.0,12,3.64,['Агрикола'],['Uwe Rosenberg'],['Klemens Franz'],['Lookout Games'],73756.0,7.87,1.55,318,359,636,1200,2211,6905,12651,24198,14684,10695,13901.0,6632.0,5790674.0,281112.0,278.0,86773.0,9605.0,1387.0,1148.0,12412.0
Small World,2009,Control one fantasy race after another to expand quickly throughout the land.,2,5,40.0,80.0,8,2.35,['Маленький мир'],['Philippe Keyaerts'],"['Miguel Coimbra', 'Cyrille Daujean']",['Days of Wonder'],72280.0,7.204,1.3,115,231,601,1392,3509,12481,21667,23895,6081,2395,11150.0,4253.0,3547191.0,166819.0,231.0,99161.0,11954.0,2229.0,886.0,10281.0
King of Tokyo,2011,Prove your dominance by destroying Tokyo or by being the last monster left standing.,2,6,30.0,30.0,8,1.49,['King of Tokyo ملك توكيو'],['Richard Garfield'],"['Gabriel Butik', 'Romain Gaschet', 'Paul Mafayon', 'Igor Polouchine']",['IELLO'],72135.0,7.128,1.33,115,271,656,1669,3920,13486,21940,22074,5727,2385,11583.0,3620.0,2783344.0,381348.0,812.0,105345.0,9290.0,1534.0,643.0,8082.0
Puerto Rico,2002,"Ship goods, construct buildings, and choose roles that benefit you more than others.",3,5,90.0,150.0,12,3.27,['Πουέρτο Ρίκο'],['Andreas Seyfarth'],['Franz Vohwinkel'],"['alea,', 'Ravensburger']",71891.0,7.91,1.39,219,190,426,712,1688,6069,13496,25952,14416,8814,12999.0,4326.0,4615430.0,198148.0,192.0,82590.0,9103.0,1479.0,961.0,9841.0
Love Letter,2012,Can you get a letter to the princess or remove all your rivals? You win either way!,2,4,20.0,20.0,10,1.18,"['Letters to Santa', 'Love Letter: Kanai Factory Limited Edition', 'Love Letter: Legend of the Five Rings', 'Love Letter: Wedding Edition', 'Munchkin Loot Letter']",['Seiji Kanai'],"['Kali Fitzgerald', 'Andrew Hepworth', 'Jeff Himmelman', 'John Kovalic']","['Alderac Entertainment Group,', 'Kanai Factory']",68873.0,7.225,1.35,134,244,542,1345,3420,12274,20964,20794,6307,3234,11593.0,2579.0,2500198.0,382143.0,661.0,112921.0,6565.0,1260.0,291.0,4487.0
Patchwork,2014,Piece together a quilt and leave no holes to become the button master.,2,2,15.0,30.0,8,1.6,"['Patchwork Specials: 10 Year Anniversary Edition', 'Patchwork: Americana Edition', 'Patchwork: Christmas Edition', 'Patchwork: Halloween Edition', ""Patchwork: Valentine's Day Edition""]",['Uwe Rosenberg'],"['atelier198', 'Carrie Cantwell', 'Klemens Franz', 'Maya Hanisch']",['Lookout Games'],68159.0,7.591,1.17,54,88,212,578,1646,7636,18064,28118,8477,3426,9064.0,2523.0,2147906.0,381672.0,1690.0,109730.0,6145.0,762.0,756.0,9435.0
Power Grid,2004,"Bid, network, and manage resources in a race to supply the most cities with power.",2,6,120.0,120.0,12,3.25,['Power Grid (Recharged Version)'],['Friedemann Friese'],"['Domonkos Bence', 'Antonio Dessi', 'Lars-Arne ""Maura"" Kalusky', 'Prapach Lapamnuaysap', 'Harald Lieske']",['2F-Spiele'],66487.0,7.806,1.34,133,161,375,777,1670,6008,13226,25989,12166,6081,11722.0,3794.0,4100162.0,157044.0,254.0,81964.0,7230.0,1110.0,1356.0,11791.0
Dixit,2008,Give the perfect clue so most (not all) players guess the right surreal image card.,3,8,30.0,30.0,8,1.2,['Dixit ديكست'],['Jean-Louis Roubira'],['Marie Cardouat'],['Libellud'],66326.0,7.195,1.39,170,272,596,1473,3358,12128,19269,20018,6074,3055,10112.0,2540.0,2471024.0,180251.0,384.0,98408.0,7113.0,1117.0,445.0,6787.0
The Castles of Burgundy,2011,"Plan, trade, and build your Burgundian estate to prosperity and prominence.",2,4,30.0,90.0,12,2.98,['Die Burgen von Burgund'],['Stefan Feld'],"['Julien Delval', 'Harald Lieske']","['alea,', 'Ravensburger']",64029.0,8.144,1.25,106,84,190,408,1033,3660,9257,25411,15222,8746,9860.0,4209.0,4547983.0,371918.0,1627.0,79100.0,8174.0,942.0,1089.0,12813.0
Gloomhaven,2017,Vanquish monsters with strategic cardplay. Fulfill your quest to leave your legacy!,1,4,60.0,120.0,14,3.91,"['Gloomhaven, aventures à Havrenuit']",['Isaac Childres'],"['Alexandr Elichev', 'Josh T. McDowell', 'Alvaro Nebot']",['Cephalofair Games'],63581.0,8.577,1.74,720,368,576,681,1256,3157,4882,11817,15306,24892,11094.0,10380.0,13254293.0,524070.0,741.0,99104.0,7823.0,1131.0,1177.0,20965.0
Everdell,2018,Gather resources to develop a harmonious village of woodland critters and structures.,1,4,40.0,80.0,10,2.82,['Everdell: Essentials Edition'],['James A. Wilson'],"['Andrew Bosley', 'Cody Jones', 'Dann May']",['Starling Games (II)'],58200.0,8.012,1.3,90,117,255,452,1152,4233,9556,23057,12155,7199,7421.0,6613.0,4497452.0,231067.0,1123.0,88089.0,5721.0,577.0,1441.0,20664.0
Lords of Waterdeep,2012,Deploy agents and hire adventurers to expand your control over the city of Waterdeep.,2,5,60.0,120.0,12,2.45,['深水城領主'],"['Peter Lee,', 'Rodney Thompson']","['Eric Belisle', 'Steven Belledin', 'Zoltan Boros', 'Noah Bradley']",['Wizards of the Coast'],56576.0,7.733,1.27,65,104,245,657,1458,5368,12305,23134,9035,4275,9315.0,3991.0,2862024.0,184210.0,347.0,71072.0,5596.0,730.0,1202.0,10893.0
Race for the Galaxy,2007,"Worlds await! Colonize, develop and conquer, taking advantage of others' choices.",2,4,30.0,60.0,12,2.99,['Dobyvatelé Vesmíru'],['Thomas Lehmann'],"['Martin Hoffmann', 'Claus Stephan']",['Rio Grande Games'],56424.0,7.743,1.47,145,200,465,907,1836,5864,11365,19658,9558,6501,11208.0,4137.0,4159649.0,728078.0,2045.0,70523.0,8204.0,1265.0,1079.0,10984.0
Citadels,2000,"Bishop, warlord, thief, king: change roles, build your city and hinder your rivals.",2,8,20.0,60.0,10,2.05,['Citadels Classic'],['Bruno Faidutti'],"['Cyrille Daujean', 'Julien Delval', 'Jesper Ejsing', 'Bruno Faidutti']",['Hans im Glück'],55348.0,7.059,1.27,79,240,440,1186,2895,11187,18229,16164,3660,1347,10671.0,1936.0,2321870.0,124463.0,120.0,75793.0,8191.0,1605.0,329.0,3547.0
Spirit Island,2017,Island Spirits join forces using elemental powers to defend their home from invaders.,1,4,90.0,120.0,13,4.07,['Duchové ostrova'],['R. Eric Reuss'],"['Jason Behnke', 'Loïc Berger', 'Loïc Billiau', 'Kat G Birmelin']","['Greater Than Games, LLC']",54549.0,8.343,1.51,150,156,405,633,1105,3587,6125,14990,12989,14481,8464.0,6834.0,6719056.0,343130.0,2410.0,82970.0,5882.0,621.0,1779.0,22459.0
Pandemic Legacy: Season 1,2015,Mutating diseases are spreading around the world - can your team save humanity?,2,4,60.0,60.0,13,2.83,['Pandemic Legacy: Saison 1'],"['Rob Daviau,', 'Matt Leacock']",['Chris Quilliams'],['Z-Man Games'],54546.0,8.523,1.6,580,254,330,421,813,2341,4579,12908,15297,17087,8160.0,3976.0,4390914.0,292791.0,431.0,85073.0,11990.0,496.0,802.0,14047.0
Root,2018,Decide the fate of the forest as woodland factions fight for contrasting goals.,2,4,60.0,90.0,10,3.81,['Root: A Game of Woodland Might and Right'],['Cole Wehrle'],['Kyle Ferrin'],['Leder Games'],54538.0,8.075,1.47,155,155,404,677,1277,4223,7867,18289,12216,9351,7893.0,6992.0,5749515.0,193474.0,1015.0,84856.0,5492.0,605.0,1624.0,21451.0
Stone Age,2008,Prehistoric tribes struggle to survive and adapt. Which one will rise to the top?,2,4,60.0,90.0,10,2.46,['100000 лет до нашей эры'],['Bernd Brunnhofer'],['Michael Menzel'],['Hans im Glück'],53582.0,7.521,1.25,75,108,258,668,1681,6522,13877,21307,6435,2731,8884.0,2612.0,2687364.0,224206.0,412.0,58839.0,6188.0,658.0,1480.0,10582.0
Jaipur,2009,Trade and sell goods to become the most wealthy merchant in this short game for two.,2,2,30.0,30.0,10,1.46,['Джайпур'],['Sébastien Pauchon'],"['Vincent Dutrait', 'Alexandre Roche']","['GameWorks SàRL,', 'Space Cowboys']",53320.0,7.487,1.11,45,53,147,380,1303,6628,15714,21915,5265,1946,8406.0,2101.0,1873989.0,267808.0,819.0,85260.0,5019.0,575.0,885.0,8063.0
The Quacks of Quedlinburg,2018,"Pull ingredients from your stock to make your pot bubble, but hopefully not explode!",2,4,45.0,45.0,10,1.94,['Les Charlatans de Belcastel'],['Wolfgang Warsch'],['Dennis Lohausen'],['Schmidt Spiele'],52396.0,7.815,1.24,57,102,237,524,1093,4278,10532,22555,8878,4199,6793.0,3003.0,2496550.0,256393.0,1068.0,81922.0,3643.0,384.0,1281.0,12014.0
Forbidden Island,2010,The island is sinking! Will the brave adventurers save the treasures in time?,2,4,30.0,30.0,10,1.73,['Forbidden Island 禁忌之岛'],['Matt Leacock'],['C. B. Canga'],['Gamewright'],51802.0,6.758,1.22,49,171,474,1350,4027,14744,17624,10530,2078,807,9703.0,2155.0,1967803.0,126172.0,171.0,94283.0,9854.0,2292.0,259.0,4959.0
Munchkin,2001,"Attack and loot in this humorous, card-based dungeon crawler.",3,6,60.0,120.0,10,1.81,"['Munchkin Deluxe', 'Munchkin Holiday Edition', 'Munchkin Special Holiday Edition', 'Munchkin Target Edition', 'Munchkin: Guest Artist Edition']",['Steve Jackson (I)'],"['Alex Fernandez (I)', 'Edwin Huang', 'Steve Jackson (I)', 'John Kovalic']",['Steve Jackson Games'],50590.0,5.872,1.84,771,1851,3080,5021,7389,14385,9248,5833,1852,1226,9350.0,2373.0,1696163.0,68249.0,87.0,95556.0,10083.0,2600.0,137.0,2158.0
Viticulture Essential Edition,2015,Create the most prosperous winery in Italy from the Tuscan vineyard you've inherited.,1,6,45.0,90.0,13,2.89,['Vinohrad'],"['Jamey Stegmaier,', 'Alan Stone']","['Jacqui Davis', 'David Montgomery', 'Beth Sobel']",['Stonemaier Games'],50392.0,7.981,1.27,95,95,239,437,996,3465,8048,21047,10930,5097,6677.0,3137.0,2562861.0,178729.0,643.0,70587.0,4727.0,441.0,1435.0,12710.0
Twilight Struggle,2005,Relive the Cold War and rewrite history in an epic clash between the USA and USSR.,2,2,120.0,180.0,13,3.61,['Gleichgewicht des Schreckens'],"['Ananda Gupta,', 'Jason Matthews']","['Viktor Csete', 'Rodger B. MacGowan', 'Chechu Nieto', 'Guillaume Ries', 'Mark Simonitch']",['GMT Games'],49612.0,8.243,1.58,290,209,402,630,1118,3182,5758,14184,12459,11498,10185.0,5159.0,5940335.0,129215.0,213.0,69739.0,6529.0,1080.0,1315.0,12521.0
Hanabi,2010,Give hints to create sets of fireworks and try to avoid a pyrotechnical disaster.,2,5,25.0,25.0,8,1.69,['Hanabi Deluxe'],['Antoine Bauza'],"['Antoine Bauza', 'Gérald Guerlais', 'Laura Michaud', 'Albertine Ralenti']","['ABACUSSPIELE,', 'Cocktail Games']",49528.0,7.037,1.41,122,246,584,1369,3063,10419,14836,13179,3782,2057,8183.0,1475.0,1714622.0,294575.0,527.0,84032.0,6569.0,1509.0,296.0,4371.0
Dune: Imperium,2020,"Influence, intrigue, and combat in the universe of Dune.",1,4,60.0,120.0,14,3.05,['Diuna: Imperium'],['Paul Dennen'],"['Clay Brooks', 'Brett Nienburg', 'Raul Ramos', 'Nate Storm']",['Dire Wolf'],49157.0,8.43,1.27,80,85,180,299,633,2103,4893,16038,14521,10357,6481.0,5639.0,4990667.0,185457.0,1543.0,66980.0,3345.0,405.0,1099.0,14046.0
Brass: Birmingham,2018,"Build networks, grow industries, and navigate the world of the Industrial Revolution.",2,4,60.0,120.0,14,3.87,['Brass. Бирмингем'],"['Gavan Brown,', 'Matt Tolman,', 'Martin Wallace']","['Gavan Brown', 'Lina Cossette', 'David Forest', 'Gui Landgraf']",['Roxley'],49110.0,8.586,1.42,337,126,221,303,546,1701,3866,13057,14674,14339,6784.0,5767.0,4927574.0,135427.0,876.0,69260.0,2968.0,249.0,1759.0,18983.0
Kingdomino,2016,Build a kingdom with varied terrains on domino-shaped tiles in this fast family game.,2,4,15.0,25.0,8,1.23,"['Kingdomino XXL', 'Kingdomino: Expo 2020']",['Bruno Cathala'],"['Cyril Bouquet', 'Pauline Detraz', 'Hervine Galliou']","['Blue Orange (EU),', 'Blue Orange Games']",49025.0,7.303,1.12,35,42,145,468,1689,7878,16534,16967,3860,1477,6867.0,1606.0,1663559.0,398771.0,1098.0,83278.0,5608.0,1060.0,357.0,4757.0
Terra Mystica,2012,Play fantastical factions. Expand your influence by terraforming and joining cults.,2,5,60.0,150.0,12,3.97,['Терра Мистика'],"['Jens Drögemüller,', 'Helge Ostertag']",['Dennis Lohausen'],['Feuerland Spiele'],48794.0,8.052,1.47,171,172,327,616,1162,3627,7391,16350,10997,8056,7052.0,4052.0,5156556.0,164716.0,182.0,52978.0,6125.0,907.0,1530.0,13962.0
Sushi Go!,2013,"Pass the sushi around, but keep the best for yourself. Save room for dessert!",2,5,15.0,15.0,8,1.16,['Суши карты'],['Phil Walker-Harding'],"['Nan Rangsima', 'Tobias Schweiger', 'Phil Walker-Harding']","['Adventureland Games,', 'Gamewright']",48385.0,6.997,1.15,47,90,250,823,2475,11044,17892,12410,2435,964,6972.0,1358.0,1490854.0,249231.0,637.0,88161.0,6864.0,1175.0,180.0,2916.0
Blood Rage,2015,Ragnarök has come! Secure your place in Valhalla in epic Viking battles.,2,4,60.0,90.0,14,2.88,['Krv i Bes'],['Eric M. Lang'],"['Henning Ludvigsen', 'Thierry Masson', 'Mike McVey', 'Adrian Smith']",['Cool Mini Or Not'],48380.0,7.919,1.42,132,163,330,575,1266,4100,8009,17933,9949,5989,7154.0,3741.0,4013837.0,105247.0,313.0,57850.0,4976.0,515.0,1457.0,13547.0
Coup,2012,Bluff (and call bluffs!) to victory in this card game with no third chances.,2,6,15.0,15.0,13,1.41,['Coup: The Resistance Universe'],['Rikki Tahta'],"['Behnam Balali', 'Luis Francisco', 'Andrew Higgins', 'Alex Jensen']","['Indie Boards & Cards,', 'La Mame Games']",48081.0,6.981,1.43,103,294,624,1485,3210,10282,14430,12413,3581,1745,8138.0,1847.0,2275409.0,269634.0,554.0,84130.0,5916.0,1443.0,249.0,4294.0
Ark Nova,2021,"Plan and build a modern, scientifically managed zoo to support conservation projects.",1,4,90.0,150.0,14,3.77,['Archa Nova'],['Mathias Wigge'],"['Steffen Bieker', 'Loïc Billiau', 'Dennis Lohausen', 'Christof Tisch']",['Feuerland Spiele'],47911.0,8.534,1.39,171,98,260,356,670,2032,4127,12909,14171,13157,6344.0,6147.0,5277136.0,411566.0,5726.0,69966.0,2537.0,361.0,1060.0,14504.0
Bohnanza,1997,"Farm beans, harvest crops and trade your way to fortune in this card game classic.",2,7,45.0,45.0,12,1.67,['Bohnanza: Fan Edition'],['Uwe Rosenberg'],"['Fréderic Bertrand', 'Marek Bláha', 'Andrea Boekhoff', 'Klemens Franz']",['AMIGO'],47909.0,7.065,1.3,77,181,414,1066,2626,9872,15471,13451,3357,1494,9932.0,1302.0,1773456.0,165789.0,323.0,75496.0,5504.0,1092.0,414.0,3671.0
Lost Cities,1999,"Set out on expeditions, but will your findings outweigh the cost of each adventure?",2,2,30.0,30.0,10,1.48,['Les Cités Perdues'],['Reiner Knizia'],"['Vincent Dutrait', 'Michaela Kienle', 'Anke Pohl', 'Thilo Rick']",['KOSMOS'],47680.0,7.246,1.27,75,143,319,758,2152,7957,14859,15582,4234,1665,10504.0,1498.0,2101039.0,373391.0,1050.0,69908.0,5482.0,1007.0,554.0,6254.0
Betrayal at House on the Hill,2004,Explore a haunted house as a team ... until one of you turns against the rest.,3,6,60.0,60.0,12,2.4,['山中小屋'],['Bruce Glassco'],"['Dennis Crabapple McClain', 'Christopher Moeller', 'Peter Whitley']","['Avalon Hill,', 'Wizards of the Coast']",47289.0,7.021,1.59,187,453,888,1822,2951,9287,12450,12440,4357,2512,9686.0,3128.0,3208855.0,86621.0,125.0,80826.0,7377.0,1642.0,471.0,6738.0
Lost Ruins of Arnak,2020,Explore an island to find resources and discover the lost ruins of Arnak.,1,4,30.0,120.0,12,2.92,['Arnak elveszett romjai'],"['Elwen,', 'Mín']","['Ondřej Hrdina', 'Jiří Kůs', 'Filip Murmak', 'Jakub Politzer']",['Czech Games Edition'],47181.0,8.071,1.25,62,72,169,327,876,3011,6952,19367,10918,5457,5876.0,4306.0,3607184.0,243710.0,1679.0,71305.0,3462.0,458.0,1065.0,13778.0
Dead of Winter: A Crossroads Game,2014,"As you struggle to keep survivors alive, how will you value group vs. personal needs?",2,5,60.0,120.0,13,3.01,['Dead of Winter: A la croisée des chemins'],"['Jonathan Gilmour-Long,', 'Isaac Vega']","['David Richards', 'Fernanda Suárez', 'Peter Wocken']",['Plaid Hat Games'],47100.0,7.457,1.44,114,222,478,945,1997,6450,10728,16670,6583,2969,6725.0,3502.0,3141863.0,81232.0,116.0,66239.0,7813.0,1523.0,752.0,9709.0
Star Realms,2014,Compete head-to-head to create the most powerful deck of spaceships and bases.,2,2,20.0,20.0,12,1.92,['Звёздные империи'],"['Robert Dougherty,', 'Darwin Kastle']",['Vito Gesualdi'],['Wise Wizard Games'],45667.0,7.559,1.27,62,96,204,463,1437,5681,11904,17136,5863,2891,7174.0,2670.0,2040720.0,448267.0,1109.0,67411.0,4776.0,901.0,314.0,4769.0
Takenoko,2011,Carefully cultivate a bamboo garden with the help of a gardener and a hungry panda.,2,4,45.0,45.0,8,1.98,['Такеноко'],['Antoine Bauza'],"['Nicolas Fructus', 'Picksel', 'Yuio']","['Bombyx,', 'Matagot']",45620.0,7.21,1.2,37,90,243,687,1917,8088,15046,14926,3241,1415,6673.0,2184.0,1840010.0,164177.0,341.0,72737.0,6356.0,803.0,773.0,8211.0
Mysterium,2015,Become a psychic and divine spectral visions to solve the murder of a restless ghost.,2,7,42.0,42.0,10,1.89,['ミステリウム'],"['Oleksandr Nevskiy,', 'Oleg Sidorenko']","['Igor Burlakov', 'Xavier Collette', 'Oleksandr Nevskiy', 'Oleg Sidorenko']",['Libellud'],45438.0,7.208,1.39,94,182,508,1055,2340,7803,12694,14530,4423,1843,6400.0,1909.0,2088793.0,115925.0,222.0,75694.0,6411.0,1162.0,587.0,8700.0
Robinson Crusoe: Adventures on the Cursed Island,2012,Work together — with friends or with Friday — to survive on a deserted island.,1,4,60.0,120.0,14,3.82,"['Robinson Crusoe: Adventure on the Cursed Island', ""Robinson Crusoe: Collector's Edition""]","['Joanna Kijanka,', 'Ignacy Trzewiczek']","['Tomasz Bentkowski', 'Mateusz Bielski', 'Vincent Dutrait', 'Jerzy Ferdyn']",['Portal Games'],44456.0,7.74,1.46,141,171,382,721,1388,4561,8320,16361,8027,4458,7429.0,4168.0,4790096.0,120373.0,360.0,71312.0,9341.0,1494.0,1240.0,13053.0
Arkham Horror: The Card Game,2016,Investigate the horrors of Arkham while courting cosmic doom.,1,2,60.0,120.0,14,3.55,['Arkham Horror: Das Kartenspiel'],"['Nate French,', 'MJ Newman']","['Christopher Hosch', 'Marcin Jakubowski', 'Ignacio Bazán Lazcano', 'Henning Ludvigsen']",['Fantasy Flight Games'],44383.0,8.13,1.55,131,168,354,627,1209,3420,6021,13123,10213,9196,6910.0,5764.0,8567126.0,323486.0,1337.0,78311.0,8148.0,1074.0,725.0,10744.0
Clank!: A Deck-Building Adventure,2016,Claim your treasures but don't attract the dragon in this deck-building dungeon race.,2,4,30.0,60.0,12,2.23,['Břink!: Velká podzemní loupež'],['Paul Dennen'],"['Rayph Beisner', 'Raul Ramos', 'Nate Storm']","['Dire Wolf,', 'Renegade Game Studios']",43652.0,7.774,1.21,37,68,138,389,959,3817,9442,18712,7090,3051,5655.0,2646.0,2793340.0,157463.0,571.0,57249.0,5482.0,543.0,1137.0,11800.0
The Crew: The Quest for Planet Nine,2019,Go on many planet-discovering space missions in this cooperative trick-taking game.,2,5,20.0,20.0,10,1.95,['The Crew'],['Thomas Sing'],"['Marco Armbruster', 'Sensit Communication GmbH']",['KOSMOS'],43539.0,7.791,1.31,107,121,230,424,1088,3769,8804,17583,7865,3584,5713.0,1760.0,1719436.0,585679.0,1518.0,83333.0,5707.0,1174.0,307.0,5711.0
Cascadia,2021,Create the most harmonious ecosystem as you puzzle together habitats and wildlife.,1,4,30.0,45.0,10,1.86,['Cascadia vadvilága'],['Randy Flynn'],['Beth Sobel'],['Flatout Games'],43066.0,7.934,1.13,31,32,95,199,654,2931,8053,19726,7950,3416,5446.0,3976.0,2372708.0,267252.0,2154.0,71340.0,2312.0,282.0,1013.0,13108.0
Sagrada,2017,Craft the best stained-glass windows by carefully placing colorful transparent dice.,1,4,30.0,45.0,14,1.92,['Саґрада'],"['Adrian Adamescu,', 'Daryl Andrews']",['Peter Wocken'],['Floodgate Games'],42988.0,7.474,1.16,34,52,156,420,1267,5317,12431,17182,4413,1762,5949.0,2073.0,1770894.0,275130.0,1075.0,70854.0,4612.0,571.0,834.0,8994.0
Five Tribes: The Djinns of Naqala,2014,"Move assassins, elders & builders through Naqala to claim oases & control djinns.",2,4,40.0,80.0,13,2.84,['Five Tribes: Die Dschinn von Naqala'],['Bruno Cathala'],['Clément Masson'],['Days of Wonder'],42425.0,7.773,1.27,50,88,192,454,1063,3836,8513,17984,6956,3346,6266.0,2161.0,2237419.0,127437.0,426.0,56012.0,4703.0,548.0,1288.0,11217.0
Great Western Trail,2016,Use strategic outposts and navigate danger as you herd your cattle to Kansas City.,2,4,75.0,150.0,12,3.7,['Great Western'],['Alexander Pfister'],['Andreas Resch'],['eggertspiele'],41707.0,8.181,1.31,105,83,183,346,775,2375,5287,15507,11001,6125,5359.0,2476.0,3711807.0,147183.0,295.0,45609.0,5605.0,611.0,1162.0,9936.0
Concordia,2013,Merchants build and trade throughout the Roman Empire to please the Gods.,2,5,100.0,100.0,13,2.99,['Concordia: Sestertiusszal kikövezett utak'],['Mac Gerdts'],"['Marina Fahrenbach', 'Mac Gerdts', 'Dominik Mayer']",['PD-Verlag'],41668.0,8.089,1.2,61,52,109,250,608,2479,6335,17652,9392,4798,6450.0,2449.0,3253950.0,137475.0,380.0,47671.0,3687.0,380.0,1553.0,11706.0
The Resistance,2009,Assign operatives to missions while avoiding enemy spies.,5,10,30.0,30.0,13,1.59,"['Rezistența', 'Der Widerstand']",['Don Eskridge'],"['Don Eskridge', 'Luis Francisco', 'Luis Franco', 'Piotr Haraszczak']",['Indie Boards & Cards'],41351.0,7.207,1.47,136,239,500,1040,2253,7218,11101,12455,4375,2118,7017.0,1758.0,2081842.0,167073.0,95.0,66085.0,6393.0,1691.0,256.0,4187.0
Magic: The Gathering,1993,Cast spells and summon fantasy monsters in the original collectible card game.,2,2,20.0,20.0,13,3.27,"['Magic: The Gathering – 2012 Core Set', ""Magic: The Gathering – Amonkhet Deck Builder's Toolkit"", 'Magic: The Gathering – Battle for Zendikar Intro Pack', 'Magic: The Gathering – Black Planeswalkers Liliana Vess', 'Magic: The Gathering – Blue Planeswalkers Jace Beleren']","['Richard Garfield,', 'David Iezzi']","['Victor Adame', 'Miao Aili', 'Randis Albion', 'Rob Alexander']",['Wizards of the Coast'],40637.0,7.582,1.85,385,342,657,999,2115,5494,7851,9736,5844,7266,7930.0,2321.0,1317482.0,720005.0,2438.0,44790.0,5408.0,842.0,242.0,831.0
Tzolk'in: The Mayan Calendar,2012,"Lead your people, build monuments and make offerings to earn the favour of the gods.",2,4,90.0,90.0,13,3.67,"[""Tzolk'in: Calendarul Maiaș""]","['Simone Luciani,', 'Daniele Tascini']",['Milan Vavroň'],['Czech Games Edition'],40135.0,7.855,1.26,68,83,178,373,864,3294,7514,17028,7396,3394,5799.0,2140.0,2407524.0,124828.0,293.0,47513.0,4364.0,408.0,1372.0,9273.0
Arkham Horror,2005,Work as a team to save the town of Arkham from monsters and a Great Old One.,1,8,120.0,240.0,14,3.58,['Horreur à Arkham'],"['Richard Launius,', 'Kevin Wilson']","['Anders Finér', 'Rafał Hrynkiewicz', 'Richard Launius', 'Henning Ludvigsen']",['Fantasy Flight Games'],39766.0,7.239,1.71,169,403,836,1433,2324,6413,8608,11174,5183,3285,9013.0,5295.0,4235867.0,81794.0,44.0,54105.0,7978.0,1627.0,428.0,5026.0
Santorini,2016,Use different divine powers to build and climb the towers!,2,4,20.0,20.0,8,1.72,['圣托里尼'],['Gord!'],"['Lina Cossette', 'David Forest']",['Roxley'],39601.0,7.355,1.33,61,115,290,611,1746,6230,10903,13475,4110,2118,6084.0,1805.0,2011856.0,258382.0,632.0,62415.0,6822.0,1043.0,681.0,9038.0
Hive,2001,Use your insects to trap your opponent's Queen Bee in this board-less abstract game.,2,2,20.0,20.0,9,2.31,['Bug'],['John Yianni'],['John Yianni'],['Gen42 Games'],38085.0,7.319,1.33,53,88,224,663,1810,6320,10854,12251,3866,2018,7487.0,1793.0,1871585.0,211333.0,435.0,53361.0,4137.0,649.0,604.0,5972.0
Chess,1475,Checkmate your opponent in this timeless abstract.,2,2,,,6,3.65,"['2020 Battle for The White House Chess Set', 'Ajax Chessmen', 'All American Chessmen', 'Archesco Gemini Chess Set', 'Backpack Chess']",['(Uncredited)'],"['(Uncredited)', 'Paolo Chiari', 'Honoré Daumier', 'Peter Ganine']",['(Public Domain)'],37551.0,7.218,1.85,135,258,653,1591,3337,7400,7944,6830,3454,6014,7846.0,1336.0,766989.0,263537.0,1010.0,55331.0,2326.0,196.0,41.0,440.0
Mansions of Madness: Second Edition,2016,Unravel mysteries in Arkham with your investigative team in this app-guided game.,1,5,120.0,180.0,14,2.69,['Le Case della Follia: Seconda Edizione'],['Nikki Valens'],"['Cristi Balanescu', 'Yoann Boissonnet', 'Anders Finér', 'Tony Foti']",['Fantasy Flight Games'],37413.0,7.938,1.5,131,172,312,550,1047,3165,5731,12910,8191,5239,5063.0,3558.0,3902419.0,95828.0,214.0,60317.0,5062.0,637.0,1076.0,13089.0
Eldritch Horror,2013,Investigators trek across the globe to stop the Ancient One apocalypse.,1,8,120.0,240.0,14,3.32,"[""Les Contrées de l'horreur""]","['Corey Konieczka,', 'Nikki Valens']","['Anders Finér', 'David Griffith', 'Ed Mattinian', 'Patrick McEvoy']",['Fantasy Flight Games'],37215.0,7.748,1.54,132,189,380,698,1250,3895,6805,12524,6982,4397,5806.0,4269.0,4371963.0,99273.0,200.0,56512.0,5504.0,830.0,698.0,9066.0
Monopoly,1935,"In this competitive real estate market, there's only one possible outcome: Monopoly!",2,8,60.0,180.0,8,1.62,"['Compact Monopoly', 'Deluxe Monopoly', 'Monopoly: 1935 Deluxe', 'Monopoly: 25th Anniversary', 'Monopoly: 50th Anniversary Edition']","['Charles Darrow,', 'Elizabeth J. Magie (Phillips)']","['(Uncredited)', 'Charles Darrow', 'Edison Girard']",['Parker Brothers'],36947.0,4.36,1.89,2233,4185,5894,8042,6739,5728,2284,1131,357,488,8189.0,570.0,1338957.0,40029.0,94.0,54169.0,6339.0,591.0,40.0,586.0
Battlestar Galactica: The Board Game,2008,How can the human race survive when you don't know who is actually human?,3,6,120.0,180.0,14,3.25,['Battlestar Galactica: Das Brettspiel'],['Corey Konieczka'],"['Kevin Childress', 'Andrew Navaro', 'Brian Schomburg', 'WiL Springer']",['Fantasy Flight Games'],36833.0,7.731,1.6,124,226,418,762,1358,4051,6603,11907,6531,4901,7288.0,3546.0,2997781.0,83196.0,64.0,39637.0,5462.0,781.0,849.0,6746.0
Risk,1959,Will you conquer the world in this multi-player push-your-luck wargame?,2,6,120.0,120.0,10,2.07,['Risk!'],"['Albert Lamorisse,', 'Michael I. Levin']",['(Uncredited)'],['Parker Brothers'],36538.0,5.598,1.67,321,1170,2412,4719,7316,11179,5449,2636,744,659,8023.0,952.0,1763920.0,46121.0,118.0,61695.0,6621.0,1128.0,47.0,822.0
Sushi Go Party!,2016,Pass sushi around a bigger table and take the best dishes. Save room for dessert!,2,8,20.0,20.0,8,1.31,['スシゴーパーティ'],['Phil Walker-Harding'],['Nan Rangsima'],['Gamewright'],36385.0,7.389,1.15,31,47,112,384,1151,5257,11110,13772,3238,1313,4907.0,1321.0,1270509.0,149398.0,497.0,66698.0,3548.0,479.0,465.0,6006.0
Sheriff of Nottingham,2014,"Sell goods for profit, or risk losing it all by slipping contrabands in....",3,5,60.0,60.0,14,1.66,['Nottingham bírája'],"['Sérgio Halaban,', 'André Zatz']","['John Guytan', 'Lorraine Schleter', 'David Sladek']",['Arcane Wonders'],36350.0,7.063,1.31,54,138,342,941,2103,7184,10981,11081,2639,925,5486.0,1196.0,1611063.0,67998.0,84.0,54594.0,6571.0,1206.0,531.0,6401.0
Exploding Kittens,2015,"Ask for favors, attack friends, see the future- whatever it takes to avoid exploding!",2,5,15.0,15.0,7,1.08,['Exploding Kittens: Original Edition'],"['Matthew Inman,', 'Elan Lee,', 'Shane Small']","['Matthew Inman', 'Elan Lee', 'Shane Small']","['Ad Magic, Inc. (AdMagic Games),', 'Exploding Kittens']",36256.0,6.065,1.76,457,960,1674,2932,5235,10806,7400,4436,1337,1045,5634.0,1240.0,1075568.0,115750.0,616.0,79541.0,4415.0,1080.0,64.0,1557.0
Gloomhaven: Jaws of the Lion,2020,Vanquish monsters with strategic cardplay in a 25-scenario Gloomhaven campaign.,1,4,30.0,120.0,14,3.64,['Gloomhaven: Die Pranken des Löwen'],['Isaac Childres'],"['Francesca Baerald', 'David Demaret', 'Alexandr Elichev']",['Cephalofair Games'],36081.0,8.415,1.47,196,121,197,292,589,1801,3550,10150,10144,9054,5175.0,3774.0,2968003.0,179776.0,758.0,78532.0,5878.0,964.0,445.0,8518.0
Caverna: The Cave Farmers,2013,"From a simple cave, expand your dwarven home through mining, agriculture, and more.",1,7,30.0,210.0,12,3.78,['Caverna'],['Uwe Rosenberg'],"['Javier González Cava', 'Klemens Franz']",['Lookout Games'],35440.0,7.94,1.34,113,84,178,354,727,2682,6113,13958,7368,3901,5648.0,2387.0,3086549.0,86298.0,173.0,45449.0,4566.0,566.0,1622.0,11717.0
A Game of Thrones: The Board Game (Second Edition),2011,Make alliances—and break them!—as you strive to both unite and conquer Westeros.,3,6,120.0,240.0,14,3.73,['Der Eiserne Thron: Das Brettspiel (2. Edition)'],['Christian T. Petersen'],"['Tomasz Jedruszek', 'Henning Ludvigsen']",['Fantasy Flight Games'],35242.0,7.534,1.54,113,189,419,809,1403,4586,7485,11695,5415,3178,5231.0,3064.0,2940759.0,39388.0,85.0,49673.0,5352.0,1368.0,467.0,5666.0
Galaxy Trucker,2007,Prepare for unknown dangers by building the best spaceship possible.,2,4,60.0,60.0,10,2.33,['Ciężarówką przez Galaktykę'],['Vlaada Chvátil'],"['Tomáš Kučerovský', 'Radim Pech']",['Czech Games Edition'],34656.0,7.339,1.45,100,224,399,791,1491,5112,8636,11989,4101,1852,6580.0,1399.0,1799640.0,93620.0,99.0,38794.0,5628.0,844.0,986.0,6526.0
The Resistance: Avalon,2012,Who can you trust? A game of social deduction set in King Arthur’s legendary realm.,5,10,30.0,30.0,13,1.74,['Avalon'],['Don Eskridge'],"['Luis Francisco', 'George Patsouras', 'Nan Sumana', 'Rafał Szyma', 'Marco Turini']",['Indie Boards & Cards'],34365.0,7.508,1.51,120,173,360,672,1422,4611,7896,11244,4820,3093,5075.0,1641.0,1971058.0,142040.0,228.0,50169.0,4325.0,855.0,311.0,4812.0
Alhambra,2003,Compete to build the most valuable picturesque walled city in 13th-century Granada.,2,6,45.0,60.0,8,2.1,"['Alhambra: 15th Anniversary Revised Edition', 'Der Palast von Alhambra']",['Dirk Henn'],"['Jörg Asselborn', 'Jo Hartwig', 'Patricia Limberger', 'Christof Tisch']",['Queen Games'],34083.0,7.031,1.18,32,81,256,653,1761,6980,12024,9909,1811,624,7241.0,915.0,1595807.0,124829.0,254.0,43078.0,5841.0,929.0,473.0,4072.0
Dominion: Intrigue,2009,"Enlist torturers, swindlers, and saboteurs to gain wealth and dominate the kingdom.",2,6,30.0,30.0,13,2.41,['Dominion: Die Intrige'],['Donald X. Vaccarino'],"['Matthias Catrein', 'Julien Delval', 'Martin Hoffmann', 'Tomasz Jedruszek']",['Rio Grande Games'],33959.0,7.69,1.35,107,101,163,418,968,3473,7652,12871,5542,2692,4557.0,1180.0,1248565.0,106728.0,64.0,49740.0,5084.0,643.0,425.0,3200.0
Machi Koro,2012,"As a newly elected mayor, develop a city and populate it with impressive landmarks.",2,4,30.0,30.0,10,1.52,['Ciudad Machi Koro'],['Masao Suganuma'],"['Noboru Hotta', 'Ian Parovel', 'Mirko Suzuki']",['Grounding'],33930.0,6.602,1.36,101,259,620,1376,3034,9702,10492,6667,1267,467,5809.0,1049.0,1615325.0,125836.0,233.0,55690.0,7750.0,1431.0,253.0,3358.0
Mage Knight Board Game,2011,"Build your hero’s spells, abilities, and artifacts as you explore & conquer cities.",1,4,60.0,240.0,14,4.37,['Mage Knight: Das Brettspiel'],['Vlaada Chvátil'],"['J. Lonnee', 'Chris Raimo', 'Milan Vavroň']",['WizKids (I)'],33772.0,8.084,1.63,145,179,356,537,964,2850,4454,9560,7500,7272,6470.0,4938.0,5478292.0,77723.0,80.0,46225.0,7298.0,1021.0,1179.0,12399.0
Saboteur,2004,You are dwarves laying tunnel cards to get gold: but which one of you is the traitor?,3,10,30.0,30.0,8,1.32,['Aranyásók'],['Fréderic Moyersoen'],"['Andrea Boekhoff', 'Fréderic Moyersoen']",['AMIGO'],33665.0,6.542,1.31,78,184,506,1367,3278,10795,10330,5574,1066,510,5762.0,946.0,1462628.0,94036.0,262.0,59700.0,4712.0,940.0,223.0,2356.0
Cosmic Encounter,2008,Conquer the galaxy with shifting alliances and the unique powers of your alien race.,3,5,60.0,120.0,12,2.58,['Kosmiczne spotkania'],"['Bill Eberle,', 'Jack Kittredge,', 'Bill Norton,', 'Peter Olotka,', 'Kevin Wilson']",['Andrew Navaro'],['Fantasy Flight Games'],33498.0,7.52,1.7,139,264,517,953,1607,4460,6728,9743,4747,4394,6639.0,2357.0,2730795.0,83161.0,139.0,41721.0,5054.0,702.0,1106.0,9296.0
Star Wars: Rebellion,2016,Strike from your hidden base as the Rebels—or find and destroy it as the Empire.,2,4,180.0,240.0,14,3.74,['Star Wars: Lázadás'],['Corey Konieczka'],"['Matt Allsopp', 'David Ardila', 'Balaskas', 'Tiziano Baracchi']",['Fantasy Flight Games'],33490.0,8.419,1.36,119,64,153,209,480,1592,3486,10050,9759,7621,5026.0,3542.0,4696968.0,52123.0,157.0,52394.0,3171.0,389.0,1455.0,13931.0
Scrabble,1948,Carefully place your lettered tiles to make high-scoring words.,2,4,90.0,90.0,10,2.06,"['BoardScript', 'Deluxe Edition Scrabble Brand Crossword Game', 'Deluxe Turntable Scrabble', 'Deluxe Wood Edition Scrabble', 'Inflatable Scrabble']",['Alfred Mosher Butts'],['C. Leslie Crandall'],"['(Unknown),', 'Alga,', 'Barnes & Noble,', 'Borras Plana S.A.']",33153.0,6.269,1.61,176,440,983,2515,4819,10490,7199,4184,1347,1148,7170.0,629.0,760076.0,94543.0,242.0,65047.0,3994.0,592.0,98.0,564.0
Colt Express,2014,This is a train robbery! Will you leave with the loot or a bunch of bullet holes?,2,6,40.0,40.0,10,1.84,['Colt Express: 10th Anniversary Edition'],['Christophe Raimbault'],"['Ian Parovel', 'Jordi Valbuena']",['Ludonaute'],33083.0,7.095,1.25,37,86,274,667,1667,6491,10786,10041,2221,843,4980.0,1105.0,1375016.0,104230.0,266.0,47463.0,5090.0,784.0,413.0,4305.0
The Mind,2018,Play your cards in ascending order without communicating. Timing is key!,2,4,20.0,20.0,8,1.08,['Érezz rá'],['Wolfgang Warsch'],['Oliver Freudenreich'],['Nürnberger-Spielkarten-Verlag'],32932.0,6.748,1.6,385,371,641,1302,2456,7746,9241,7637,2161,1025,4658.0,925.0,1176039.0,189426.0,510.0,59611.0,3557.0,770.0,182.0,3167.0
BANG!,2002,Be the last one standing in this wild west shootout game with hidden roles.,4,7,20.0,40.0,8,1.63,['¡BANG!'],['Emiliano Sciarra'],"['Stefano de Fazi', 'Alessandro Pierangelini']",['DV Games'],32633.0,6.489,1.49,122,383,798,1655,3401,9747,8934,5460,1429,718,6655.0,1103.0,1886324.0,96864.0,350.0,42642.0,5253.0,1091.0,148.0,2057.0
Through the Ages: A New Story of Civilization,2015,Rewrite history as you build up your civilization in this epic card drafting game!,2,4,120.0,120.0,14,4.44,['Cywilizacja: Poprzez Wieki'],['Vlaada Chvátil'],"['Filip Murmak', 'Radim Pech', 'Jakub Politzer', 'Milan Vavroň']",['Czech Games Edition'],32500.0,8.275,1.52,136,121,236,366,676,2065,3901,9314,8026,7725,4820.0,2410.0,3866228.0,137586.0,452.0,37658.0,4296.0,544.0,948.0,9595.0
Orléans,2014,"Craftsmen, scholars & monks can help you reign supreme—but who will turn up to help?",2,5,90.0,90.0,12,3.03,['Orlean'],['Reiner Stockhausen'],['Klemens Franz'],['dlp games'],32439.0,8.057,1.17,40,43,85,182,488,1939,4846,14431,7316,3114,4593.0,1937.0,2538025.0,105367.0,549.0,39993.0,3247.0,335.0,1365.0,8843.0
Roll for the Galaxy,2014,"Utilize your dice populace to develop technologies, settle worlds, and ship goods.",2,5,45.0,45.0,13,2.78,['Кубарем по галактике'],"['Wei-Hwa Huang,', 'Thomas Lehmann']","['Martin Hoffmann', 'Claus Stephan', 'Mirko Suzuki']",['Rio Grande Games'],32307.0,7.585,1.33,65,92,206,529,1092,3575,7270,12810,4815,1903,4942.0,1505.0,1984680.0,185280.0,350.0,39279.0,4831.0,717.0,1107.0,7923.0
Le Havre,2008,"Establish a supply chain by collecting resources, building industries, and shipping.",1,5,30.0,150.0,12,3.71,['Гавр'],['Uwe Rosenberg'],['Klemens Franz'],['Lookout Games'],32267.0,7.845,1.41,108,98,223,451,870,2806,5571,12440,6350,3407,6121.0,2036.0,2731651.0,86402.0,140.0,37806.0,4738.0,417.0,1744.0,9782.0
Nemesis,2018,"Survive an alien-infested spaceship, but beware of other players and their agendas!",1,5,90.0,180.0,12,3.47,['Немезида'],['Adam Kwapiński'],"['Piotr Foksowicz', 'Patryk Jędraszek', 'Ewa Labak', 'Andrzej Półtoranos']","['Awaken Realms,', 'Rebel Sp. z o.o.']",32267.0,8.261,1.52,124,135,247,414,622,2075,3682,9331,8689,6998,4929.0,4913.0,4186523.0,75328.0,351.0,43716.0,2516.0,218.0,1194.0,13862.0
Istanbul,2014,Send your assistants through the shops of Istanbul as you race to acquire rubies.,2,5,40.0,60.0,10,2.58,['Стамбул'],['Rüdiger Dorn'],['Andreas Resch'],['Pegasus Spiele'],31989.0,7.54,1.15,36,40,114,284,803,3591,8671,13644,3556,1291,4643.0,1280.0,1614317.0,105815.0,200.0,37267.0,4649.0,520.0,876.0,6097.0
Welcome To...,2018,"Design the most appealing 1950s neighborhood, with fences, parks, and swimming pools.",1,100,25.0,25.0,10,1.84,['Köszöntünk... álmaid városában!'],['Benoit Turpin'],['Anne Heidsieck'],['Blue Cocker Games'],31976.0,7.526,1.13,30,46,92,292,813,3573,8929,13492,3543,1216,4136.0,1354.0,1553423.0,282415.0,1119.0,50382.0,3451.0,557.0,452.0,5363.0
For Sale,1997,"What's your bid? Bid on promising property bundles, then sell properties for checks.",3,6,30.0,30.0,10,1.25,['EladLak!'],['Stefan Dorra'],"['Óscar Aguado', 'Abbas Amirabadi', 'Mohammad Amir Garoosian', 'Alvin Madden']","['Eagle-Gryphon Games,', 'IELLO,', 'Ravensburger']",31903.0,7.26,1.16,35,47,130,405,1208,5410,10177,11313,2384,862,7063.0,705.0,1392739.0,207836.0,642.0,40097.0,2974.0,420.0,902.0,5667.0
Forbidden Desert,2013,Work together to escape the desert before sand buries you or your supplies run dry.,2,5,45.0,45.0,10,2.04,['Le Désert Interdit'],['Matt Leacock'],"['C. B. Canga', 'Tyler Edlin']",['Gamewright'],31537.0,7.072,1.19,31,70,182,580,1579,6498,10421,9763,1810,629,5276.0,1181.0,1198746.0,69632.0,114.0,55609.0,5855.0,1125.0,451.0,5583.0
Cartographers,2019,Explore lands on behalf of the queen and draw the most proficient maps to earn favor.,1,100,30.0,45.0,10,1.88,['Cartographers: A Roll Player Tale'],['Jordy Adan'],"['Luis Francisco', 'Lucas Ribeiro']",['Thunderworks Games'],31347.0,7.586,1.16,27,43,93,266,739,3410,8313,13198,3785,1497,4112.0,1631.0,1369137.0,230655.0,1790.0,54320.0,3054.0,450.0,452.0,5951.0
Memoir '44,2004,Revisit the battles of D-Day and control the forces of the Allies and the Axis!,2,8,30.0,60.0,8,2.27,['Mémoire 44'],['Richard Borg'],"['Cyrille Daujean', 'Julien Delval', 'Don Perrin', 'Claude Rica']",['Days of Wonder'],30611.0,7.532,1.39,59,96,235,517,1130,3834,7311,11198,4080,2192,7253.0,2278.0,2948346.0,170196.0,391.0,41041.0,5552.0,760.0,937.0,6501.0
Android: Netrunner,2012,Megacorporation versus Netrunner in this futuristic cyberpunk game of cat and mouse.,2,2,45.0,45.0,14,3.41,['アンドロイド：ネットランナー'],"['Richard Garfield,', 'Lukas Litzsinger']","['Bruno Balixa', 'Ralph Beisner', 'Del Borovic', 'Adam S. Doyle']",['Fantasy Flight Games'],30449.0,7.887,1.66,160,152,285,516,1183,3155,5040,8657,5572,5792,6325.0,4324.0,4981948.0,347001.0,341.0,46249.0,7640.0,1386.0,596.0,5635.0
Secret Hitler,2016,"In pre-WW2 Germany, Liberals and Fascists square off in an intrigue-filled parliament",5,10,45.0,45.0,13,1.74,['揭秘希特勒'],"['Mike Boxleiter,', 'Tommy Maranges,', 'Max Temkin']",['Mackenzie Schubert'],['Goat Wolf & Cabbage'],30388.0,7.503,1.61,197,214,371,668,1272,3971,6494,9713,4656,2875,4426.0,1742.0,1906076.0,129479.0,451.0,44002.0,2307.0,398.0,481.0,7268.0
UNO,1971,"Get rid of your cards first, but don't forget to say ""UNO!""",2,10,30.0,30.0,6,1.1,"['Crown UNO Go', 'Diary of a Wimpy Kid UNO', 'The Original UNO', 'Uno 25th Silver Anniversary Special Edition', 'UNO CAR-GO']",['Merle Robbins'],"['Shepard Fairey', 'Keith Haring', 'Kinetic', 'Jeff Kinney']","['(Unknown),', 'AMIGO,', 'AS Manufacturas,', 'ASS Altenburger Spielkarten']",30243.0,5.463,1.68,401,942,2006,4500,7054,8565,3841,1788,584,619,5508.0,582.0,670622.0,167386.0,740.0,62842.0,3109.0,344.0,28.0,394.0
Architects of the West Kingdom,2018,Will you be a virtuous or nefarious servant of the king? Build your way to glory.,1,5,60.0,80.0,12,2.76,['Architecten van het Westelijk Koninkrijk'],"['S J Macdonald,', 'Shem Phillips']",['Mihajlo Dimitrievski'],['Garphill Games'],30106.0,7.725,1.18,41,40,107,290,676,2733,6233,13884,4483,1663,4329.0,1973.0,2001071.0,108264.0,347.0,41298.0,3701.0,443.0,785.0,7358.0
El Grande,1995,"Use your caballeros to control regions of medieval Spain, keeping clear of the King!",2,5,60.0,120.0,12,2.96,['エルグランデ'],"['Wolfgang Kramer,', 'Richard Ulrich']","['Doris Matthäus', 'Stefan Sonnberger', 'Franz-Georg Stämmele']",['Hans im Glück'],30068.0,7.76,1.33,56,73,141,355,832,2883,6277,11726,5131,2627,6159.0,1268.0,2261487.0,58752.0,235.0,31078.0,3603.0,465.0,1421.0,7113.0
Take 5,1994,"Choose sequential cards for rows simultaneously, but avoid adding the 6th card!",2,10,45.0,45.0,8,1.19,"['6 nimmt!', '6 qui prend!', '6 takes', 'Category 5', 'Take 6']",['Wolfgang Kramer'],"['Timur Baskakov', 'Design Edge', 'Oliver Freudenreich', 'Bill Herrin']",['AMIGO'],30036.0,6.972,1.27,56,93,244,639,1761,7079,10220,7352,1805,843,5998.0,655.0,1078647.0,269507.0,868.0,44825.0,2191.0,346.0,275.0,2170.0
A Feast for Odin,2016,"Puzzle together the life of a Viking village as you hunt, farm, craft, and explore.",1,4,30.0,120.0,12,3.86,"[""À la gloire d'Odin""]",['Uwe Rosenberg'],['Dennis Lohausen'],['Feuerland Spiele'],29730.0,8.169,1.37,61,63,173,261,573,2014,3884,10385,7269,5081,4557.0,2428.0,3222134.0,111819.0,427.0,38656.0,3149.0,276.0,1983.0,15181.0
Just One,2018,"Give one-word clues so someone can guess one word, but duplicate clues are discarded.",3,7,20.0,60.0,8,1.04,['Ainult Üks'],"['Ludovic Roudy,', 'Bruno Sautter']","['Éric Azagury', 'Florian Poullet']",['Repos Production'],29528.0,7.599,1.2,24,49,98,276,776,3269,7816,11721,3886,1658,4013.0,918.0,1025421.0,208364.0,1180.0,50199.0,1516.0,281.0,338.0,5134.0
Caylus,2005,Entrepreneurs pay workers & bribe an official to build a Château & gain royal favor.,2,5,60.0,150.0,12,3.79,['Caylus Premium Limited Edition'],['William Attia'],"['Cyril Demaegd', 'Arnaud Demaegd', 'Mike Doyle (I)']",['Ystari Games'],29370.0,7.714,1.47,101,119,251,473,926,3130,5865,10397,5087,3072,6456.0,1354.0,2405696.0,68995.0,74.0,29100.0,4626.0,604.0,838.0,5372.0
Tigris & Euphrates,1997,Keep your Mesopotamian civilization in perfect balance through revolutions and wars.,2,4,60.0,120.0,14,3.5,['Eufraat & Tigris'],['Reiner Knizia'],"['Bascu', 'Christine Conrad', 'Doris Matthäus', 'Tom Thiel']",['Hans im Glück'],29018.0,7.704,1.49,90,124,229,505,975,3235,5816,10055,4830,3217,7200.0,1341.0,2531012.0,72879.0,123.0,31663.0,5006.0,594.0,1554.0,7756.0
Cards Against Humanity,2009,Who can come up with the most hilariously obscene answers in this party game?,4,30,30.0,30.0,17,1.18,"['Cards Against Humanity For Her', 'Cards Against Humanity: 100th Anniversary Edition']","['Josh Dillon,', 'Daniel Dranove,', 'Eli Halpern,', 'Ben Hantoot']","['(Self-Published)', '(Web published)', 'Cards Against Humanity LLC', 'Estrela']","['(Self-Published),', '(Web published),', 'Cards Against Humanity LLC,', 'Estrela']",29007.0,5.742,2.1,1124,1350,1987,3013,4025,7191,4656,3263,1379,1047,5676.0,1079.0,862160.0,50872.0,52.0,52223.0,3854.0,836.0,62.0,1353.0
Tsuro,2005,Play tiles and move around the board. Try to outlast your opponents.,2,8,15.0,20.0,8,1.22,[],['Tom McMurchie'],"['Calliope Games', 'WizKids (I)']","['Calliope Games,', 'WizKids (I)']",28992.0,6.668,1.33,62,163,358,1026,2654,8508,9018,5388,1230,604,5638.0,1017.0,1065947.0,141671.0,286.0,43626.0,4004.0,711.0,379.0,4287.0
One Night Ultimate Werewolf,2014,An app-driven Werewolf that lasts but a single night. Wolves and villagers beware!,3,10,10.0,10.0,8,1.38,['1 Nacht Weerwolven & Waaghalzen'],"['Ted Alspach,', 'Akihisa Okui']",['Gus Batts'],['Bézier Games'],28639.0,7.048,1.62,152,273,561,972,1911,5310,7395,7716,2794,1580,4756.0,1107.0,1503259.0,212316.0,332.0,53680.0,3590.0,913.0,224.0,3393.0
Eclipse: New Dawn for the Galaxy,2011,"Build an interstellar civilization by exploration, research, conquest, and diplomacy.",2,6,60.0,180.0,14,3.71,['Eclipse'],['Touko Tahkokallio'],"['Ossi Hiekkala', 'Sampo Sikiö']",['Lautapelit.fi'],28579.0,7.828,1.51,125,128,251,462,844,2617,5040,9955,5751,3453,5103.0,3027.0,3890834.0,54843.0,47.0,28087.0,4969.0,902.0,813.0,6860.0
Gaia Project,2017,"Expand, research, upgrade, and settle the galaxy with one of 14 alien species.",1,4,60.0,150.0,12,4.4,['Gaia Project: Galaxie Terra Mystica'],"['Jens Drögemüller,', 'Helge Ostertag']",['Dennis Lohausen'],['Feuerland Spiele'],28290.0,8.369,1.41,96,63,139,229,478,1507,3175,8558,7397,6706,4004.0,2716.0,3669126.0,114906.0,674.0,34825.0,2719.0,346.0,1391.0,12172.0
No Thanks!,2004,"Take a card, pay to say no thanks or take what you must to score the least.",3,7,20.0,20.0,8,1.13,"['No Merci', 'No Merci!']",['Thorsten Gimmler'],"['Oliver Freudenreich', 'Dennis Lohausen', 'Atelier Löwentor']",['AMIGO'],28095.0,7.078,1.2,40,75,170,464,1354,5863,9618,8198,1724,655,6100.0,606.0,1014802.0,247901.0,799.0,41470.0,2290.0,384.0,386.0,3450.0
T.I.M.E Stories,2015,Protect the world from paradoxes with your team of time-traveling agents.,2,4,90.0,90.0,12,2.59,['T.I.MEストーリーズ'],"['Peggy Chassenet,', 'Manuel Rozoy']","['Ben Carre', 'Vincent Dutrait', 'David Lecossu', 'Pascal Quidault']",['Space Cowboys'],28002.0,7.373,1.73,183,302,580,799,1530,3776,5566,8403,4336,2560,4323.0,1680.0,2520331.0,66038.0,64.0,42113.0,7600.0,1231.0,618.0,6854.0
Blokus,2000,Fit your tiles on a shared board with not enough space for everyone.,2,4,20.0,20.0,7,1.74,"['Blokus Giant', 'Giant Blokus', 'Tessellation', 'Travel Blokus']",['Bernard Tavitian'],['Alan D. Hoch'],"['Educational Insights,', 'Mattel, Inc.']",27944.0,6.859,1.26,30,72,197,716,2112,7356,9217,6205,1386,693,5916.0,604.0,914441.0,81766.0,181.0,40456.0,3591.0,687.0,187.0,1893.0
Shadows over Camelot,2005,Loyal knights unite to save Camelot while a traitor secretly plots their doom.,3,7,60.0,90.0,10,2.57,['Les Chevaliers de la Table Ronde'],"['Bruno Cathala,', 'Serge Laget']","['Cyrille Daujean', 'Julien Delval']",['Days of Wonder'],27914.0,7.099,1.4,64,149,348,783,1572,5069,8074,8659,2259,953,6328.0,1196.0,1780541.0,52801.0,31.0,34920.0,5246.0,817.0,1039.0,7211.0
Camel Up,2014,Which camel will win? Place your bets in this zany family friendly camel racing game.,2,8,20.0,30.0,8,1.5,['Camel Up: Μια Τρελή Κούρσα στην Έρημο'],['Steffen Bogen'],"['Dennis Lohausen', 'Chris Quilliams']",['eggertspiele'],27722.0,7.037,1.24,36,92,211,582,1450,5805,9412,7866,1639,661,4273.0,766.0,1129665.0,99708.0,209.0,35530.0,4066.0,451.0,428.0,3202.0
Heat: Pedal to the Metal,2022,Manage your race car's speed to keep from overheating.,1,6,30.0,60.0,10,2.19,['Heat'],"['Asger Harding Granerud,', 'Daniel Skjold Pedersen']",['Vincent Dutrait'],['Days of Wonder'],27690.0,8.041,1.32,57,58,131,252,588,1937,3996,10883,6488,3313,3485.0,3379.0,3204688.0,153288.0,2178.0,40205.0,1471.0,163.0,1391.0,12315.0
Smash Up,2012,Combine two awesome factions and battle opponents to see who rules.,2,4,45.0,45.0,12,2.06,['!התנגשות'],['Paul Peterson'],"['Dave Allsop', 'Bruno Balixa', 'Carmen Cianelli', 'Conceptopolis']",['Alderac Entertainment Group'],27609.0,6.701,1.5,74,231,552,1298,2525,7054,7695,5770,1550,883,4690.0,1527.0,1463295.0,74921.0,80.0,46412.0,6282.0,1532.0,217.0,2479.0
The Quest for El Dorado,2017,Race through a dense South American jungle in pursuit of the legendary city of gold.,2,4,30.0,60.0,10,1.94,['La Course vers El Dorado'],['Reiner Knizia'],"['Vincent Dutrait', 'Franz Vohwinkel']",['Ravensburger'],27457.0,7.695,1.1,14,34,43,176,466,2533,6737,12482,3638,1381,4221.0,1458.0,2011282.0,105249.0,657.0,44409.0,3116.0,418.0,1083.0,8236.0
Ra,1999,Bid to acquire the most valuable sets of Egyptian artifacts and resources.,2,5,45.0,60.0,12,2.32,['Rá: A Nílus völgyének krónikája'],['Reiner Knizia'],"['Leonardo Borazio', 'Edge Studio', 'Zach Graves', 'Allison Kline']","['alea,', 'Ravensburger']",27455.0,7.653,1.32,55,84,149,350,837,2808,6265,10811,4222,1941,6614.0,1252.0,2266756.0,109462.0,425.0,32338.0,3099.0,395.0,1293.0,7655.0
PARKS,2019,"Hike through National Parks tiles, collecting memories and admiring gorgeous scenery.",1,5,30.0,60.0,10,2.12,['Parki'],['Henry Audubon'],['Fifty-Nine Parks Print Series'],['Keymaster Games'],27004.0,7.655,1.22,26,35,114,250,721,2888,6214,11401,3691,1677,4133.0,2267.0,1657392.0,94277.0,344.0,47866.0,2503.0,338.0,825.0,10122.0
Tokaido,2012,"Travel the famed Tokaido road, visit hot springs, try new food, and paint landscapes.",2,5,45.0,45.0,8,1.74,['Токайдо'],['Antoine Bauza'],['Xavier Gueniffey Durin'],['Funforge'],26790.0,6.921,1.37,72,139,366,779,1862,5801,8430,6985,1668,717,4490.0,1324.0,1668976.0,80521.0,151.0,40168.0,4681.0,734.0,521.0,5643.0
Survive: Escape from Atlantis!,1982,"Sharks, whales, and sea monsters, oh my! Hurry and escape before Atlantis disappears!",2,4,45.0,60.0,8,1.69,['Survive!'],['Julian Courtland-Smith'],"['David Ausloos', 'Julian Courtland-Smith', 'Jean-Brice Dugait', 'Stéphane Gantiez', 'Andrew White']","['Parker Brothers,', 'Stronghold Games']",26596.0,7.317,1.2,19,51,111,341,984,4406,8158,9278,2264,1040,5226.0,1226.0,1512766.0,79796.0,192.0,39676.0,4083.0,585.0,638.0,4717.0
Castles of Mad King Ludwig,2014,Choose and play tiles to satisfy the king's whims and build the best fantasy castle.,1,4,90.0,90.0,13,2.65,['Castillos del Rey loco Ludwig'],['Ted Alspach'],"['Keith Curtis', 'Agnieszka Dabrowiecka', 'Ollin Timm']",['Bézier Games'],26269.0,7.514,1.25,40,46,135,303,844,3348,6732,10341,3256,1267,4435.0,1145.0,1615689.0,87975.0,133.0,33791.0,4660.0,643.0,884.0,6591.0
Century: Spice Road,2017,Grow and trade spices and use them to gain estate.,2,5,30.0,45.0,8,1.8,['Caravan'],['Emerson Matsuuchi'],"['Chris Quilliams', 'David Richards', 'Fernanda Suárez']",['Plan B Games'],26063.0,7.3,1.23,37,62,139,413,977,4058,7924,9332,2288,866,3958.0,950.0,1317436.0,121526.0,284.0,33195.0,3950.0,479.0,481.0,4500.0
Isle of Skye: From Chieftain to King,2015,Build your kingdom as Chieftain one tile at a time and rule all of Scotland!,2,5,30.0,50.0,8,2.26,['Insula Skye: De la Căpetenie la Rege'],"['Andreas Pelikan,', 'Alexander Pfister']",['Klemens Franz'],['Lookout Games'],25923.0,7.395,1.15,22,36,109,307,798,3556,7641,10327,2372,780,3980.0,829.0,1350163.0,91846.0,206.0,34247.0,4123.0,607.0,657.0,4485.0
Elder Sign,2011,Roll dice to investigate the horrors of Arkham alone or as a group.,1,8,90.0,90.0,13,2.34,['Das Ältere Zeichen'],"['Richard Launius,', 'Kevin Wilson']",['Dallas Mehlhoff'],['Fantasy Flight Games'],25582.0,6.971,1.4,64,145,348,802,1652,5246,7860,6943,1799,751,5049.0,1968.0,1788186.0,78328.0,86.0,42453.0,5374.0,976.0,308.0,3524.0
Suburbia,2012,Expand your meager neighborhood into a sprawling suburb to attract the most citizens.,1,4,60.0,90.0,8,2.76,['Пригород'],['Ted Alspach'],"['Ted Alspach', 'Jason Boles', 'Klemens Franz', 'Stephanie Gustafsson']",['Bézier Games'],25581.0,7.47,1.24,43,68,124,315,860,3359,6593,10241,2976,1042,4446.0,1135.0,1674481.0,76760.0,75.0,30002.0,5551.0,793.0,860.0,6406.0
Brass: Lancashire,2007,Test your economic mettle as you build and network in the Industrial Revolution.,2,4,60.0,120.0,14,3.85,"['Brass', 'Brass Deluxe']",['Martin Wallace'],"['Gavan Brown', 'Lina Cossette', 'Peter Dennis', 'David Forest']","['Roxley,', 'Warfrog Games']",25536.0,8.197,1.36,95,66,112,222,444,1413,3284,9267,6483,4253,5252.0,2082.0,2847767.0,77293.0,163.0,33408.0,3985.0,568.0,945.0,6113.0
Descent: Journeys in the Dark (Second Edition),2012,Fight the Overlord and level up your heroes in this fantasy dungeon campaign.,1,5,120.0,120.0,14,3.21,['Descent: Die Reise ins Dunkel (Zweite Edition)'],"['Daniel Clark (I),', 'Corey Konieczka,', 'Adam Sadler,', 'Kevin Wilson']","['Alex Aparin', 'Devon Caddy-Lee', 'Sylvain Decaux', 'Tod Gelle']",['Fantasy Flight Games'],25536.0,7.61,1.49,63,122,221,465,998,3137,5371,8700,4052,2438,4321.0,3381.0,4202091.0,73239.0,100.0,40426.0,6175.0,979.0,627.0,6517.0
Seasons,2012,Mages compete across twelve seasons to collect crystals and become the new archmage.,2,4,60.0,60.0,14,2.78,['Évszakok'],['Régis Bonnessée'],"['Régis Bonnessée', 'Xavier Gueniffey Durin', 'Stéphane Gantiez']",['Libellud'],25482.0,7.346,1.38,61,89,225,518,1188,3749,6443,9303,2662,1277,3977.0,1328.0,1499230.0,100490.0,127.0,30475.0,4644.0,667.0,680.0,5504.0
That's Pretty Clever!,2018,"Draft dice to mark numbers on your scoresheet, comboing bonuses to power your points.",1,4,30.0,30.0,8,1.87,"['Ganz Schön Clever', ""That's Pretty Clever""]",['Wolfgang Warsch'],['Leon Schiffer'],['Schmidt Spiele'],25370.0,7.565,1.13,19,26,71,199,553,2904,6857,10792,2886,1108,3425.0,862.0,1072691.0,327877.0,1173.0,41479.0,2035.0,283.0,356.0,3174.0
The Voyages of Marco Polo,2015,"Using unique abilities, fulfill contracts and reach your goals along the Silk Road.",2,4,40.0,100.0,12,3.18,['Auf den Spuren von Marco Polo'],"['Simone Luciani,', 'Daniele Tascini']",['Dennis Lohausen'],['Hans im Glück'],25310.0,7.777,1.26,43,45,137,258,614,2233,4987,10904,4238,1885,3631.0,1217.0,1776615.0,97643.0,203.0,27096.0,3943.0,428.0,848.0,4855.0
Star Wars: X-Wing Miniatures Game,2012,Pilot your ships in tight arcs to take out the enemy! The universe can be yours.,2,2,30.0,45.0,14,2.5,['Star Wars X-Wing: El juego de miniaturas – Caja Básica'],['Jay Little'],"['Matt Allsopp', 'Sacha Angel Diener', 'Jon Bosco', 'Matt Bradbury']",['Fantasy Flight Games'],25154.0,7.632,1.44,79,95,147,335,921,3118,5679,8577,3906,2376,4116.0,3384.0,3363874.0,104553.0,19.0,40981.0,4792.0,871.0,259.0,2238.0
BANG! The Dice Game,2013,A wild west elimination dice game with secret teams.,3,8,15.0,15.0,8,1.28,['Bang: Jocul de Zaruri'],"['Michael Palm,', 'Lukas Zach']",['Riccardo Pieruccini'],['DV Games'],25002.0,6.89,1.32,54,111,305,754,1686,5752,7916,6604,1307,534,4505.0,681.0,888735.0,117140.0,160.0,40360.0,3843.0,791.0,256.0,3103.0
Skull,2011,"Does the token hide a flower or skull? Bid, bluff and laugh with striking components.",3,6,15.0,45.0,10,1.12,"['Skull & Roses', 'Skull & Roses Red']",['Hervé Marly'],"['Rose Kipik', 'Thomas Vuarchex']",['Lui-même'],24993.0,7.186,1.4,67,112,230,577,1313,4569,7288,7402,2333,1168,3883.0,819.0,1099647.0,128651.0,523.0,39912.0,2053.0,300.0,436.0,4617.0
Star Wars: Imperial Assault,2014,Play as Rebel or Imperial forces to fulfill mission objectives.,2,5,60.0,120.0,14,3.3,['Star Wars: Assalto Imperiale'],"['Justin Kemppainen,', 'Corey Konieczka,', 'Jonathan Ying']","['Arden Beckwith', 'Christopher Burdett', 'Rovina Cai', 'Lucas Durham']",['Fantasy Flight Games'],24970.0,7.962,1.42,83,69,131,263,628,2021,4390,8703,5296,3415,3833.0,3304.0,4232048.0,93875.0,87.0,43040.0,4310.0,742.0,792.0,7333.0
Twilight Imperium: Fourth Edition,2017,"Build an intergalactic empire through trade, research, conquest and grand politics.",3,6,240.0,480.0,14,4.33,['Twilight Imperium: 4. kiadás'],"['Dane Beltrami,', 'Corey Konieczka,', 'Christian T. Petersen']",['Scott Schomburg'],['Fantasy Flight Games'],24942.0,8.589,1.63,165,140,200,259,415,1299,2048,5082,5984,9386,3712.0,3215.0,4006053.0,44450.0,198.0,30251.0,1523.0,206.0,1048.0,11892.0
Raiders of the North Sea,2015,Gather your Viking crew in order to plunder seas and lands for glory!,2,4,60.0,80.0,12,2.56,['Raiders of the North Sea: Viking Edition'],['Shem Phillips'],['Mihajlo Dimitrievski'],['Garphill Games'],24811.0,7.733,1.18,28,29,92,224,532,2188,5471,11017,3791,1461,3739.0,1807.0,1767738.0,78227.0,250.0,32544.0,2973.0,316.0,918.0,7120.0
Marvel Champions: The Card Game,2019,Battle Marvel villains with unique teams of iconic heroes in this LCG.,1,4,45,90,14,2.94,['Marvel Champions: Das Kartenspiel'],['Michael Boggs'],['Fantasy Flight Games'],['Fantasy Flight Games'],,,,78,62,151,261,616,1842,3518,8069,5594,4576,,,,,,,,,,
Imperial Settlers,2014,"Construct buildings, harvest resources, and attack your neighbor!",1,4,45,90,10,2.77,['Birodalmi Telepesek'],['Ignacy Trzewiczek'],"['Mateusz Bielski', 'Tomasz Jedruszek', 'Jarosław Marcinek', 'Rafał Szyma']",['Portal Games'],,,,44,74,181,447,1081,3784,6872,8794,2474,928,,,,,,,,,,
Flash Point: Fire Rescue,2011,Smoke! Fire! Work as a team to save as many as you can from a blazing inferno.,2,6,45,45,10,2.20,['01: Большой пожар'],['Kevin Lanzing'],"['Luis Francisco', 'George Patsouras']",['Indie Boards & Cards'],,,,22,64,206,453,1220,4588,7634,7887,1808,711,,,,,,,,,,
Targi,2012,Outwit your rival by selecting where to place nomad workers on a dynamic desert grid.,2,2,60,60,12,2.33,['Targui'],['Andreas Steiger'],"['Taira Akitsu', 'Franz Vohwinkel']",['KOSMOS'],,,,26,24,81,174,543,2453,6202,11108,2932,945,,,,,,,,,,
Photosynthesis,2017,"Trees compete for sunlight to grow taller, as the sun moves around the board.",2,4,30,60,10,2.26,['Fotossíntese'],['Hjalmar Hach'],['Sabrina Miramon'],"['Blue Orange (EU),', 'Blue Orange Games']",,,,45,109,236,626,1455,5233,8008,6938,1319,477,,,,,,,,,,
The Lord of the Rings: The Card Game,2011,Guide your fellowship as it embarks on unique adventures in Tolkien's Middle-earth!,1,2,30,60,13,3.21,['Der Herr der Ringe: Das Kartenspiel'],['Nate French'],"['Even Mehl Amundsen', 'Erfian Asafat', 'Tiziano Baracchi', 'Ryan Barger']",['Fantasy Flight Games'],,,,63,92,253,450,1039,3111,4810,7655,3894,3099,,,,,,,,,,
RoboRally,1994,Use pre-programmed movement cards to race your robot around a hazardous factory.,2,8,45,120,12,2.43,['Robo Rally'],['Richard Garfield'],"['Peter Bergting', 'Bob Carasca', 'Phil Foglio', 'Daniel Gelon']",['Wizards of the Coast'],,,,117,229,382,786,1375,4564,6661,6723,2129,1135,,,,,,,,,,
Codenames: Duet,2017,"Swap one-word coded clues with your partner, trying to identify specific word cards.",2,2,15,30,11,1.36,['Codenames: Duet XXL'],"['Vlaada Chvátil,', 'Scot Eaton']",['Tomáš Kučerovský'],['Czech Games Edition'],,,,40,50,131,332,799,3205,6840,8992,2644,1010,,,,,,,,,,
San Juan,2004,Cards have multiple potential uses -- choose wisely to build the city.,2,4,45,60,10,2.29,['Puerto Rico Het Kaartspel'],['Andreas Seyfarth'],['Franz Vohwinkel'],"['alea,', 'Ravensburger']",,,,30,41,109,326,989,4030,7881,8108,1905,559,,,,,,,,,,
Troyes,2010,"Defend the city and rise to power by influencing the merchants, knights and clergy.",1,4,90,90,12,3.46,['特鲁瓦'],"['Sébastien Dujardin,', 'Xavier Georges,', 'Alain Orban']",['Alexandre Roche'],['Pearl Games'],,,,64,58,160,306,677,2288,4824,9944,3961,1738,,,,,,,,,,
Decrypto,2018,Decipher your opponents' code before they decipher yours. Don't get caught.,3,8,15,45,12,1.82,"['Decrypto XL', 'Decrypto: 5th Anniversary Edition']",['Thomas Dagenais-Lespérance'],"['Thomas Dagenais-Lespérance', 'Fabien Fulchiron', 'NILS', 'Manuel Sanchez']",['Scorpion Masqué'],,,,35,42,107,232,564,2255,4974,9868,3952,1877,,,,,,,,,,
Kingdom Builder,2011,Build across varied terrains to establish the best kingdom for your people.,2,4,45,45,8,2.06,['Królestwo w Budowie'],['Donald X. Vaccarino'],['Oliver Schlemmer'],['Queen Games'],,,,78,149,316,764,1660,5042,7097,6454,1597,712,,,,,,,,,,
Village,2011,"Send your villagers to work, travel, pray, and in death become a part of history!",2,4,60,90,12,3.06,['Descendance'],"['Inka Brand,', 'Markus Brand']",['Dennis Lohausen'],['eggertspiele'],,,,22,45,105,276,759,2846,6234,9805,2654,902,,,,,,,,,,
Keyflower,2012,Compete in a unique auction system to build the most prosperous village.,2,6,90,120,12,3.34,['キーフラワー'],"['Sebastian Bleasdale,', 'Richard Breese']","['Juliet Breese', 'Jo Breese', 'Gemma Tegelaers']",['R&D Games'],,,,48,61,117,313,662,2328,4771,9571,3808,1857,,,,,,,,,,
Codenames: Pictures,2016,"Give your team one-word coded clues, trying to identify specific image cards.",2,8,15,15,10,1.25,['Codenames: Pictures XXL'],['Vlaada Chvátil'],"['David Cochard', 'Jana Kilianová', 'Tomáš Kučerovský', 'Filip Murmak']",['Czech Games Edition'],,,,41,55,157,473,1097,4294,7257,7303,1954,748,,,,,,,,,,
Deception: Murder in Hong Kong,2014,"Interpret forensic evidence to solve a murder. Beware, the murderer may be among you!",4,12,20,20,14,1.58,['CS-Files'],['Tobey Ho'],"['Marcin Adamski', 'Ben Carre', 'Tommy Ng', 'Ari Wong']",['Jolly Thinkers'],,,,36,57,154,449,922,3245,5756,8615,2900,1190,,,,,,,,,,
Alchemists,2014,Showcase your alchemical know-how by publishing theories in this app-driven game.,2,4,120,120,13,3.92,['Alchemicy'],['Matúš Kotry'],['David Cochard'],['Czech Games Edition'],,,,62,110,191,381,765,2632,4742,8791,3673,1969,,,,,,,,,,
Modern Art,1992,Four types of auctions challenge players in this classic game of art speculation.,3,5,45,45,10,2.28,['Art Moderne'],['Reiner Knizia'],"['Carole Carrion', 'Manuel Carvalho', 'Chen Cheng-po', 'Mike Doyle (I)']",['Hans im Glück'],,,,50,78,126,333,808,2996,5709,8977,2992,1297,,,,,,,,,,
Chronicles of Crime,2018,"Lay out the case, interrogate suspects, and investigate crime scenes with your phone.",1,4,60,90,12,2.06,['Bűnügyi Krónikák'],['David Cicurel'],"['David Cicurel', 'Matijos Gebreselassie', 'Mateusz Komada', 'Katarzyna Kosobucka']",['Lucky Duck Games'],,,,56,95,205,396,876,2869,4961,8631,3243,1930,,,,,,,,,,
Res Arcana,2019,"Rival mages create artifacts, vying for places of power and ancient monuments.",2,4,30,60,12,2.64,['レスアルカナ'],['Thomas Lehmann'],['Julien Delval'],['Sand Castle Games'],,,,41,79,157,276,810,2659,4929,8831,3540,1796,,,,,,,,,,
Onitama,2014,Assert your martial prowess by harnessing the power of various animal spirits.,2,2,15,20,10,1.64,['אוניטאמה'],['Shimpei Sato'],"['Jun Kondo', 'Mariusz Szmerdt']",['conception'],,,,22,45,132,336,852,3586,6738,8189,2153,944,,,,,,,,,,
Legendary: A Marvel Deck Building Game,2012,Assemble Marvel's finest Heroes to combat Masterminds and thwart their Schemes!,1,5,30,60,14,2.43,[],['Devin Low'],['Upper Deck Entertainment'],['Upper Deck Entertainment'],,,,50,86,210,444,1020,3157,5135,7340,3185,2204,,,,,,,,,,
The Isle of Cats,2019,Rescue as many cats as you can before Lord Vesh comes to destroy their home.,1,4,60,90,8,2.36,['A Ilha dos Gatos'],['Frank West'],"['Dragolisco', 'Frank West']",['The City of Games'],,,,36,36,99,221,642,2330,4996,9606,3175,1512,,,,,,,,,,
Dice Forge,2017,Control luck itself! Choose to forge improved dice or complete quests for rewards.,2,4,45,45,10,1.97,['Dice Forge: A sors kovácsai'],['Régis Bonnessée'],['Biboun'],['Libellud'],,,,24,56,132,400,993,3875,7034,7677,1763,715,,,,,,,,,,
The 7th Continent,2017,Journey through a vibrant but deadly land to uncover the key to lifting your curse.,1,4,5,1000,14,2.90,[],"['Ludovic Roudy,', 'Bruno Sautter']",['Serious Poulp'],['Serious Poulp'],,,,98,180,348,390,950,2437,3631,6532,4440,3591,,,,,,,,,,
War of the Ring: Second Edition,2011,The Fellowship and the Free Peoples clash with Sauron over the fate of Middle-earth.,2,4,150,180,13,4.22,['Guerra del Anillo: Segunda Edición'],"['Roberto Di Meglio,', 'Marco Maggi,', 'Francesco Nepitello']","['John Howe', 'Fabio Maiorana']",['Ares Games'],,,,104,71,100,177,338,1044,2101,5643,5635,7149,,,,,,,,,,
Carcassonne: Expansion 1 – Inns & Cathedrals,2002,Build inns and cathedrals to increase the value of your roads and cities.,2,6,60,60,8,1.93,"['Carcassonne: Inns & Cathedrals', 'Carcassonne: The Expansion']",['Klaus-Jürgen Wrede'],"['Doris Matthäus', 'Anne Pätzke', 'Chris Quilliams', 'Klaus-Jürgen Wrede']",['Hans im Glück'],,,,8,13,40,129,485,2325,6294,8939,2791,1299,,,,,,,,,,
Magic Maze,2017,Silently cooperate to rob a labyrinthine shopping mall before time runs out.,1,8,15,15,8,1.76,['Magic Maze'],['Kasper Lapp'],['Gyom'],['Sit Down!'],,,,66,121,249,614,1326,4859,7020,6074,1383,505,,,,,,,,,,
Incan Gold,2005,How deep into a dangerous mine dare you explore before leaving with your riches?,3,8,30,30,8,1.11,['Diamant'],"['Bruno Faidutti,', 'Alan R. Moon']","['Jörg Asselborn', 'Matthias Catrein', 'Mila Harbar', 'Robert Islas']","['Eagle-Gryphon Games,', 'IELLO,', 'Schmidt Spiele,', 'Sunriver Games']",,,,29,89,194,553,1590,5925,7535,5405,932,330,,,,,,,,,,
Captain Sonar,2016,"Torpedoes away! Hunt for your opponent's sub in this exciting, real-time team game.",2,8,45,60,14,2.19,['Capitán Sonar'],"['Roberto Fraga,', 'Yohan Lemonnier']","['Ervin', 'Piotr Forkasiewicz', 'Sabrina Tobal']",['Matagot'],,,,58,85,191,324,777,2885,5133,8181,3062,1351,,,,,,,,,,
Cyclades,2009,"Win the favor of the Gods in this competitive auction, area control game.",2,5,60,90,13,2.82,['Cyklady'],"['Bruno Cathala,', 'Ludovic Maublanc']",['Miguel Coimbra'],['Matagot'],,,,29,60,151,340,753,2954,5310,8199,2841,1322,,,,,,,,,,
Grand Austria Hotel,2015,Serve guests and prepare rooms to be the best hotelier in the Viennese modern age.,2,4,60,120,12,3.21,['Gran Hotel Austria'],"['Virginio Gigli,', 'Simone Luciani']",['Klemens Franz'],['Lookout Games'],,,,32,48,88,183,459,1509,3597,9568,4314,2144,,,,,,,,,,
Friday,2011,Only Friday can help Robinson Crusoe survive the hazards of this deserted island.,1,1,25,25,13,2.16,['Freitag'],['Friedemann Friese'],"['Harald Lieske', 'Marcel-André Casasola Merkle']",['2F-Spiele'],,,,44,73,163,322,1067,4335,7103,6771,1492,529,,,,,,,,,,
"Hey, That's My Fish!",2003,"Race to catch fish, but don't get stranded as ice disappears beneath your feet.",2,4,20,20,8,1.45,"[""Hey! That's My Fish!"", ""Hey! That's My Fish! Deluxe""]","['Günter Cornett,', 'Alvydas Jakeliunas']","['François Bruel', 'Sylvain Decaux', 'Bernd Natke', 'Chris Quilliams']",['Bambus Spieleverlag'],,,,20,54,161,510,1684,6803,7650,4205,582,221,,,,,,,,,,
Rising Sun,2018,"Lead your clan to victory through negotiation, combat, monsters and favors from Kami.",3,5,90,120,14,3.30,['Felkelő Nap'],['Eric M. Lang'],['Adrian Smith'],"['CMON Global Limited,', 'Guillotine Games']",,,,157,132,241,363,739,2213,3652,7413,4196,2745,,,,,,,,,,
Sherlock Holmes Consulting Detective: The Thames Murders & Other Cases,1982,The game is afoot as you and your irregular friends search Victorian London for clues,1,8,60,120,13,2.66,['Sherlock Holmes Consulting Detective'],"['Raymond Edwards,', 'Suzanne Goldberg,', 'Gary Grady']","['Bernard Bittler', 'Arnaud Demaegd', 'Nils Gulliksson', 'Neriac']","['Sleuth Publications,', 'Space Cowboys']",,,,64,93,185,389,753,2607,4521,7692,3609,1901,,,,,,,,,,
Guillotine,1998,Manipulate the line to collect the most valuable heads.,2,5,30,30,12,1.27,['斷頭台'],['Paul Peterson'],"['Quinton Hoover', 'Mike Raabe']",['Wizards of the Coast'],,,,41,132,311,870,2199,6997,6567,3527,717,327,,,,,,,,,,
Coloretto,2003,"Collect colorful chameleons, but be careful! Don't take too many types.",2,5,30,30,8,1.27,['Coloretto: 10 years edition'],['Michael Schacht'],"['Guido Favaro', 'Michael Schacht', 'Oksana Svistun']",['ABACUSSPIELE'],,,,14,59,117,349,1167,4907,8030,5680,1019,355,,,,,,,,,,
Spyfall,2014,Players ask each other probing questions to detect the Spy.,3,8,15,15,13,1.24,['Agent Trouble'],['Alexandr Ushan'],"['Sergey Dulin', 'Uildrim']",['Hobby World'],,,,72,177,391,863,1695,5224,6320,5283,1224,420,,,,,,,,,,
Dixit: Odyssey,2011,Don’t be too vague or precise when describing beautifully surreal art.,3,12,30,30,8,1.16,['Dixit Odyseja'],['Jean-Louis Roubira'],"['Marie Cardouat', 'Pierô']",['Libellud'],,,,68,70,133,292,821,3270,6048,7310,2373,1221,,,,,,,,,,
Dominant Species,2010,"With an ice age approaching, which animals will best propagate, migrate, and adapt?",2,6,120,240,14,4.04,['Dominant Species: Władcy Ziemi'],['Chad Jensen'],"['Bartek Jędrzejewski', 'Chad Jensen', 'Rodger B. MacGowan', 'Chechu Nieto']",['GMT Games'],,,,74,107,211,365,657,2088,3628,7662,4229,2586,,,,,,,,,,
Aeon's End,2016,Mages must reach their full potential to defend humanity from terrible monstrosities.,1,4,60,60,14,2.81,['Konec věků'],"['Jenny Iglesias,', 'Nick Little (I),', 'Kevin Riley']",['Gong Studios'],"['Action Phase Games,', 'Indie Boards & Cards']",,,,44,39,125,234,549,1975,3853,8026,4352,2388,,,,,,,,,,
Arboretum,2015,"Build the Arboretum of your dreams, and prevent your rival from building theirs.",2,4,30,30,8,2.13,['Arborétum'],['Dan Cassar'],"['Philippe Guérin', 'Chris Quilliams', 'Beth Sobel']","['Filosofia Éditions,', 'Renegade Game Studios,', 'Z-Man Games']",,,,33,63,130,351,889,3448,6327,7668,1868,747,,,,,,,,,,
Ghost Stories,2008,Taoist monks must defeat the undead or humanity is lost as Wu Feng returns.,1,4,60,60,12,2.90,[],['Antoine Bauza'],['Repos Production'],['Repos Production'],,,,64,122,241,508,974,3431,5575,7453,2116,1004,,,,,,,,,,
Clue,1949,"Catch the culprit of a crime by identifying who did it, with what, and where.",2,6,45,45,8,1.64,"['Clue Nostalgia Edition', 'Clue Signature Collection', 'Clue: Alfred Hitchcock Edition', ""Clue: Bob's Burgers"", 'Clue: Brooklyn Nine-Nine']",['Anthony E. Pratt'],"['Peter Dobbin', 'René Goscinny', 'Matt Groening', 'Rune Johansson']","['Hasbro,', 'John Waddington Ltd.']",,,,107,378,1027,2783,4630,7162,3154,1335,354,383,,,,,,,,,,
Tiny Epic Galaxies,2015,"Roll your dice and colonize planets, utilizing your energy and culture.",1,5,30,45,14,2.15,['Małe Epickie Galaktyki'],['Scott Almes'],['William Bricker'],['Gamelyn Games'],,,,17,47,126,301,798,2990,6477,7835,1807,696,,,,,,,,,,
Roll Player,2016,"Draft dice and purchase skills, traits and equipment to create the perfect RPG hero.",1,4,60,90,10,2.43,['Hrdina v kostce'],['Keith Matejka'],"['JJ Ariosa', 'Vincent Dutrait', 'Luis Francisco']",['Thunderworks Games'],,,,22,39,120,255,668,2735,5688,8688,2097,762,,,,,,,,,,
Tapestry,2019,Lead a unique civilization to greatness through cultural and technological advances.,1,5,90,120,12,2.95,['Korkép'],['Jamey Stegmaier'],"['Andrew Bosley', 'Rom Brown']",['Stonemaier Games'],,,,145,149,350,536,922,2543,4284,7408,3128,1596,,,,,,,,,,
Food Chain Magnate,2015,Strategically hire and manage your workforce to outcompete rival fast food chains.,2,5,120,240,14,4.20,['Food Chain Magnate: Special Edition'],"['Jeroen Doumen,', 'Joris Wiersinga']","['Snow Conrad', 'Iris de Haan', 'Sarah Kelly', 'Victor Maristane']","['Lucky Duck Games,', 'Splotter Spellen']",,,,120,137,215,319,527,1592,2634,6707,5036,3774,,,,,,,,,,
Inis,2016,Claim the crown through merit and wisdom in this Celtic island struggle.,2,4,60,90,14,2.95,['Иниш'],['Christian Martinez'],"['Dimitri Bielak', 'Jim FitzPatrick']",['Matagot'],,,,38,71,159,334,662,2090,3770,7445,3845,2624,,,,,,,,,,
Disney Villainous: The Worst Takes it All,2018,Rule your realm and rewrite your tale to be the best at being the Worst.,2,6,45,120,10,2.48,['Disney Villainous: Böse Miene zum guten Spiel!'],"['Aaron Donogh,', 'Prospero Hall,', 'Brian Kirk']","['Ravensburger', 'Wonder Forge']","['Ravensburger,', 'Wonder Forge']",,,,47,115,389,703,1387,4536,6075,5500,1395,808,,,,,,,,,,
